Tool,Trial,Operation,StartTime,EndTime,DurationSeconds,Status,Notes
CloudFormation,1,Deploy,2026-04-02 23:21:23,2026-04-02 23:36:17,894.38,SUCCESS,
CloudFormation,2,Deploy,2026-04-02 23:44:25,2026-04-02 23:57:16,771.48,SUCCESS,
CloudFormation,3,Deploy,2026-04-03 00:05:24,2026-04-03 00:18:46,801.95,SUCCESS,
CloudFormation,4,Deploy,2026-04-03 00:26:53,2026-04-03 00:41:16,863.45,SUCCESS,
CloudFormation,5,Deploy,2026-04-03 00:49:23,2026-04-03 01:02:46,802.34,SUCCESS,
CloudFormation,1,Update,2026-04-03 01:02:48,2026-04-03 01:03:23,35.08,SUCCESS,ASGMax 4->6
CloudFormation,2,Update,2026-04-03 01:03:58,2026-04-03 01:04:33,35.05,SUCCESS,ASGMax 4->6
CloudFormation,3,Update,2026-04-03 01:05:09,2026-04-03 01:05:44,35.73,SUCCESS,ASGMax 4->6
CloudFormation,1,Destroy,2026-04-03 01:06:32,2026-04-03 01:14:15,463.92,SUCCESS,
CloudFormation,2,Destroy,2026-04-03 01:30:03,2026-04-03 01:37:48,464.72,SUCCESS,
CloudFormation,3,Destroy,2026-04-03 01:51:32,2026-04-03 01:59:16,464.74,SUCCESS,
CloudFormation,4,Destroy,2026-04-03 02:12:29,2026-04-03 02:20:14,464.51,SUCCESS,
CloudFormation,5,Destroy,2026-04-03 02:33:57,2026-04-03 02:41:42,464.56,SUCCESS,
